{"0": {"theta_1": [[-0.4380890706825704, 0.7934366657117944, -0.279036540469914, 0.12634877262298438, -0.5617384105543568], [-0.7456632618685424, -0.2183046068795953, -0.3136325860828191, 0.33052671819317325, 0.13645004045584863], [-0.1475934523078659, 0.6153549936475653, 0.5745653772380213, -0.7890579666033812, -0.2855490990267917], [-0.2083072641832524, -0.555326306212687, -0.11480827106591551, -0.41592720606038536, -0.42029106108771996], [-0.8612887035388901, -0.37425014974179427, 0.30511313770710613, -0.5048438302010585, -0.8402083033617234]], "theta_2": [[-0.380046779374827, 0.8046804430453183, -0.8576494086263344, -0.1587345733480714, 0.15327845442995414, 0.6596136463747244], [-0.1766289250278399, -0.8830075572948846, 0.9940248871891564, -0.906615095064685, 0.0943763680929357, -0.3413799358931542], [-0.7910090718628608, 0.9401441015179208, -0.18827410816757073, 0.7272747385325931, 0.618023714118902, -0.22741440889312226], [-0.8251701907938505, -0.33758475468054794, -0.9332138815946673, 0.24685367647835865, -0.5480741648984213, -0.7297453335433393]], "theta_3": [[-0.8966174981102595, 0.9868344645498284, -0.7747787399910282, 0.7206780953115912, 0.7954248830001946], [-0.06804582338213438, -0.742991475488594, 0.8270716490580392, -0.18799453231914343, -0.29902218451615914], [0.021473975084813857, -0.41510852825180655, 0.30002588494599114, -0.38620719203160725, -0.21305992456678924]]}, "1": {"theta_1": [[-0.4380890706825704, 0.7934366657117944, -0.279036540469914, 0.12634877262298438, -0.5617384105543568], [-0.7456632618685424, -0.2183046068795953, -0.3136325860828191, 0.33052671819317325, 0.13645004045584863], [-0.1475934523078659, 0.6153549936475653, 0.5745653772380213, -0.7890579666033812, -0.2855490990267917], [-0.2083072641832524, -0.555326306212687, -0.11480827106591551, -0.41592720606038536, -0.42029106108771996], [-0.8612887035388901, -0.37425014974179427, 0.30511313770710613, -0.5048438302010585, -0.8402083033617234]], "theta_2": [[-0.380046779374827, 0.8046804430453183, -0.8576494086263344, -0.1587345733480714, 0.15327845442995414, 0.6596136463747244], [-0.1766289250278399, -0.8830075572948846, 0.9940248871891564, -0.906615095064685, 0.0943763680929357, -0.3413799358931542], [-0.7910090718628608, 0.9401441015179208, -0.18827410816757073, 0.7272747385325931, 0.618023714118902, -0.22741440889312226], [-0.8251701907938505, -0.33758475468054794, -0.9332138815946673, 0.24685367647835865, -0.5480741648984213, -0.7297453335433393]], "theta_3": [[-0.8966174981102595, 0.9868344645498284, -0.7747787399910282, 0.7206780953115912, 0.7954248830001946], [-0.06804582338213438, -0.742991475488594, 0.8270716490580392, -0.18799453231914343, -0.29902218451615914], [0.021473975084813857, -0.41510852825180655, 0.30002588494599114, -0.38620719203160725, -0.21305992456678924]]}, "2": {"theta_1": [[-0.4380890706825704, 0.7934366657117944, -0.279036540469914, 0.12634877262298438, -0.5617384105543568], [-0.7456632618685424, -0.2183046068795953, -0.3136325860828191, 0.33052671819317325, 0.13645004045584863], [-0.1475934523078659, 0.6153549936475653, 0.5745653772380213, -0.7890579666033812, -0.2855490990267917], [-0.2083072641832524, -0.555326306212687, -0.11480827106591551, -0.41592720606038536, -0.42029106108771996], [-0.8612887035388901, -0.37425014974179427, 0.30511313770710613, -0.5048438302010585, -0.8402083033617234]], "theta_2": [[-0.380046779374827, 0.8046804430453183, -0.8576494086263344, -0.1587345733480714, 0.15327845442995414, 0.6596136463747244], [-0.1766289250278399, -0.8830075572948846, 0.9940248871891564, -0.906615095064685, 0.0943763680929357, -0.3413799358931542], [-0.7910090718628608, 0.9401441015179208, -0.18827410816757073, 0.7272747385325931, 0.618023714118902, -0.22741440889312226], [-0.8251701907938505, -0.33758475468054794, -0.9332138815946673, 0.24685367647835865, -0.5480741648984213, -0.7297453335433393]], "theta_3": [[-0.8966174981102595, 0.9868344645498284, -0.7747787399910282, 0.7206780953115912, 0.7954248830001946], [-0.06804582338213438, -0.742991475488594, 0.8270716490580392, -0.18799453231914343, -0.29902218451615914], [0.021473975084813857, -0.41510852825180655, 0.30002588494599114, -0.38620719203160725, -0.21305992456678924]]}, "3": {"theta_1": [[-0.4380890706825704, 0.7934366657117944, -0.279036540469914, 0.12634877262298438, -0.5617384105543568], [-0.7456632618685424, -0.2183046068795953, -0.3136325860828191, 0.33052671819317325, 0.13645004045584863], [-0.1475934523078659, 0.6153549936475653, 0.5745653772380213, -0.7890579666033812, -0.2855490990267917], [-0.2083072641832524, -0.555326306212687, -0.11480827106591551, -0.41592720606038536, -0.42029106108771996], [-0.8612887035388901, -0.37425014974179427, 0.30511313770710613, -0.5048438302010585, -0.8402083033617234]], "theta_2": [[-0.380046779374827, 0.8046804430453183, -0.8576494086263344, -0.1587345733480714, 0.15327845442995414, 0.6596136463747244], [-0.1766289250278399, -0.8830075572948846, 0.9940248871891564, -0.906615095064685, 0.0943763680929357, -0.3413799358931542], [-0.7910090718628608, 0.9401441015179208, -0.18827410816757073, 0.7272747385325931, 0.618023714118902, -0.22741440889312226], [-0.8251701907938505, -0.33758475468054794, -0.9332138815946673, 0.24685367647835865, -0.5480741648984213, -0.7297453335433393]], "theta_3": [[-0.8966174981102595, 0.9868344645498284, -0.7747787399910282, 0.7206780953115912, 0.7954248830001946], [-0.06804582338213438, -0.742991475488594, 0.8270716490580392, -0.18799453231914343, -0.29902218451615914], [0.021473975084813857, -0.41510852825180655, 0.30002588494599114, -0.38620719203160725, -0.21305992456678924]]}, "4": {"theta_1": [[-0.4380890706825704, 0.7934366657117944, -0.279036540469914, 0.12634877262298438, -0.5617384105543568], [-0.7456632618685424, -0.2183046068795953, -0.3136325860828191, 0.33052671819317325, 0.13645004045584863], [-0.1475934523078659, 0.6153549936475653, 0.5745653772380213, -0.7890579666033812, -0.2855490990267917], [-0.2083072641832524, -0.555326306212687, -0.11480827106591551, -0.41592720606038536, -0.42029106108771996], [-0.8612887035388901, -0.37425014974179427, 0.30511313770710613, -0.5048438302010585, -0.8402083033617234]], "theta_2": [[-0.380046779374827, 0.8046804430453183, -0.8576494086263344, -0.1587345733480714, 0.15327845442995414, 0.6596136463747244], [-0.1766289250278399, -0.8830075572948846, 0.9940248871891564, -0.906615095064685, 0.0943763680929357, -0.3413799358931542], [-0.7910090718628608, 0.9401441015179208, -0.18827410816757073, 0.7272747385325931, 0.618023714118902, -0.22741440889312226], [-0.8251701907938505, -0.33758475468054794, -0.9332138815946673, 0.24685367647835865, -0.5480741648984213, -0.7297453335433393]], "theta_3": [[-0.8966174981102595, 0.9868344645498284, -0.7747787399910282, 0.7206780953115912, 0.7954248830001946], [-0.06804582338213438, -0.742991475488594, 0.8270716490580392, -0.18799453231914343, -0.29902218451615914], [0.021473975084813857, -0.41510852825180655, 0.30002588494599114, -0.38620719203160725, -0.21305992456678924]]}}